"sKiPtHiS!@#		",,
BOB,PSWDBOB,TRUE
KAKA,PSWDKAKA,FALSE
caleb,,FALSE
,,FALSE
,,FALSE
caleb,password,FALSE
"sKiPtHiS!@#		",,
BOB,PSWDBOB,TRUE
KAKA,PSWDKAKA,FALSE
caleb,,FALSE
,,FALSE
,,FALSE
caleb,password,FALSE
"sKiPtHiS!@#		",,
BOB,PSWDBOB,TRUE
KAKA,PSWDKAKA,FALSE
john,chang,FALSE
john,chang,FALSE
john,chang,FALSE
john,chang,FALSE
,,FALSE
,,FALSE
john,chang,FALSE
john2,chang,FALSE
john,chang,FALSE,
"sKiPtHiS!@#		",,
BOB,PSWDBOB,TRUE
KAKA,PSWDKAKA,FALSE
john,chang,FALSE
john,chang,FALSE
john,chang,FALSE
john,chang,FALSE
,,FALSE
,,FALSE
john,chang,FALSE
john2,chang,FALSE
john,chang,FALSE,
"sKiPtHiS!@#		",,
BOB,PSWDBOB,TRUE
KAKA,PSWDKAKA,FALSE
john,chang,FALSE
john,chang,FALSE
john,chang,FALSE
john,chang,FALSE
,,FALSE
,,FALSE
john,chang,FALSE
john2,chang,FALSE
john,chang,FALSE,
"sKiPtHiS!@#		",,
BOB,PSWDBOB,TRUE
KAKA,PSWDKAKA,FALSE
john,chang,FALSE
john,chang,FALSE
john,chang,FALSE
john,chang,FALSE
,,FALSE
,,FALSE
john,chang,FALSE
john2,chang,FALSE
john,chang,FALSE,
"sKiPtHiS!@#		",,
BOB,PSWDBOB,TRUE
KAKA,PSWDKAKA,FALSE
john,chang,FALSE
john,chang,FALSE
john,chang,FALSE
john,chang,FALSE
,,FALSE
,,FALSE
john,chang,FALSE
john2,chang,FALSE
john,chang,FALSE,
"sKiPtHiS!@#		",,
BOB,PSWDBOB,TRUE
KAKA,PSWDKAKA,FALSE
john,chang,FALSE
john,chang,FALSE
john,chang,FALSE
john,chang,FALSE
,,FALSE
,,FALSE
john,chang,FALSE
john2,chang,FALSE
john,chang,FALSE,
"sKiPtHiS!@#		",,
BOB,PSWDBOB,TRUE
KAKA,PSWDKAKA,FALSE
john,chang,FALSE
john,chang,FALSE
john,chang,FALSE
john,chang,FALSE
,,FALSE
,,FALSE
john,chang,FALSE
john2,chang,FALSE
john,chang,FALSE,
"sKiPtHiS!@#		",,
BOB,PSWDBOB,TRUE
KAKA,PSWDKAKA,FALSE
john,chang,FALSE
john,chang,FALSE
john,chang,FALSE
john,chang,FALSE
,,FALSE
,,FALSE
john,chang,FALSE
john2,chang,FALSE
john,chang,FALSE,
Caleb,Password,FALSE,
"sKiPtHiS!@#		",,,
BOB,PSWDBOB,TRUE,
KAKA,PSWDKAKA,FALSE,
john,chang,FALSE,
<<<<<<< HEAD
john,chang,FALSE,
john,chang,FALSE,
john,chang,FALSE,
,,FALSE,
,,FALSE,
john,chang,FALSE,
john2,chang,FALSE,
john,chang,FALSE,
Caleb,Password,FALSE,
=======
jo,cha,FALSE
>>>>>>> branch 'master' of git@github.com:mmdahir/OperationTangerine.git
"sKiPtHiS!@#		",,,
BOB,PSWDBOB,TRUE,
KAKA,PSWDKAKA,FALSE,
john,chang,FALSE,
<<<<<<< HEAD
john,chang,FALSE,
john,chang,FALSE,
john,chang,FALSE,
,,FALSE,
,,FALSE,
john,chang,FALSE,
john2,chang,FALSE,
john,chang,FALSE,
Caleb,Password,FALSE,
=======
jo,cha,FALSE
>>>>>>> branch 'master' of git@github.com:mmdahir/OperationTangerine.git
"sKiPtHiS!@#		",,,
BOB,PSWDBOB,TRUE,
KAKA,PSWDKAKA,FALSE,
john,chang,FALSE,
<<<<<<< HEAD
john,chang,FALSE,
john,chang,FALSE,
john,chang,FALSE,
,,FALSE,
,,FALSE,
john,chang,FALSE,
john2,chang,FALSE,
john,chang,FALSE,
Caleb,Password,FALSE,
=======
jo,cha,FALSE
>>>>>>> branch 'master' of git@github.com:mmdahir/OperationTangerine.git
"sKiPtHiS!@#		",,,
BOB,PSWDBOB,TRUE,
KAKA,PSWDKAKA,FALSE,
john,chang,FALSE,
<<<<<<< HEAD
john,chang,FALSE,
john,chang,FALSE,
john,chang,FALSE,
,,FALSE,
,,FALSE,
john,chang,FALSE,
john2,chang,FALSE,
john,chang,FALSE,
Caleb,Password,FALSE,
=======
jo,cha,FALSE
>>>>>>> branch 'master' of git@github.com:mmdahir/OperationTangerine.git
"sKiPtHiS!@#		",,,
BOB,PSWDBOB,TRUE,
KAKA,PSWDKAKA,FALSE,
john,chang,FALSE,
<<<<<<< HEAD
john,chang,FALSE,
john,chang,FALSE,
john,chang,FALSE,
,,FALSE,
,,FALSE,
john,chang,FALSE,
john2,chang,FALSE,
john,chang,FALSE,
Caleb,Password,FALSE,
=======
jo,cha,FALSE
>>>>>>> branch 'master' of git@github.com:mmdahir/OperationTangerine.git
"sKiPtHiS!@#		",,,
BOB,PSWDBOB,TRUE,
KAKA,PSWDKAKA,FALSE,
john,chang,FALSE,
<<<<<<< HEAD
john,chang,FALSE,
john,chang,FALSE,
john,chang,FALSE,
,,FALSE,
,,FALSE,
john,chang,FALSE,
john2,chang,FALSE,
john,chang,FALSE,
Caleb,Password,FALSE,
=======
jo,cha,FALSE
>>>>>>> branch 'master' of git@github.com:mmdahir/OperationTangerine.git
