"sKiPtHiS!@#		",,,
BOB,PSWDBOB,TRUE,
KAKA,PSWDKAKA,FALSE,
john,chang,FALSE,
<<<<<<< HEAD
caleb,,FALSE,
john,chang,FALSE,
john,chang,FALSE,
john,chang,FALSE,
,,FALSE,
,,FALSE,
john,chang,FALSE,
john2,chang,FALSE,
caleb,password,FALSE,
john,chang,FALSE,
Caleb,Password,FALSE,
caleb,,FALSE,Once You Join You Can Never Weave
=======
jo,cha,FALSE
>>>>>>> branch 'master' of git@github.com:mmdahir/OperationTangerine.git
caleb,,FALSE,Once You Join You Can Never Weave,
caleb,,FALSE,Don't Stop Be-Weaving,
caleb,,FALSE,Don't Stop Be-Weaving,,Ultimate Weaving Experience,
caleb,,FALSE,Once You Join You Can Never Weave,
caleb,,FALSE,Once You Join You Can Never Weave,
caleb,,FALSE,Once You Join You Can Never Weave,,Federation of the Weave,
